<?xml version="1.0"?>
<doc>
    <assembly>
        <name>View.LexiEmbeddings</name>
    </assembly>
    <members>
        <member name="T:View.LexiEmbeddings.ViewLexiEmbeddings">
            <summary>
            View embeddings processor.
            </summary>
        </member>
        <member name="M:View.LexiEmbeddings.ViewLexiEmbeddings.#ctor">
            <summary>
            Instantiate.
            </summary>
        </member>
        <member name="M:View.LexiEmbeddings.ViewLexiEmbeddings.Process(View.OrchestratorBase.StepRequest)">
            <summary>
            Process a document through the pipeline.
            </summary>
            <param name="req">Step request.</param>
            <returns>Step response.</returns>
        </member>
    </members>
</doc>
