<?xml version="1.0"?>
<doc>
    <assembly>
        <name>View.OrchestratorBase</name>
    </assembly>
    <members>
        <member name="T:View.OrchestratorBase.DataFlow">
            <summary>
            Data flow, i.e. a collection of steps and paths.
            </summary>
        </member>
        <member name="P:View.OrchestratorBase.DataFlow.GUID">
            <summary>
            GUID.
            </summary>
        </member>
        <member name="P:View.OrchestratorBase.DataFlow.TenantGUID">
            <summary>
            Tenant GUID.
            </summary>
        </member>
        <member name="P:View.OrchestratorBase.DataFlow.TriggerGUID">
            <summary>
            Trigger GUID.
            </summary>
        </member>
        <member name="P:View.OrchestratorBase.DataFlow.StepGUID">
            <summary>
            Step GUID.
            </summary>
        </member>
        <member name="P:View.OrchestratorBase.DataFlow.Name">
            <summary>
            Name.
            </summary>
        </member>
        <member name="P:View.OrchestratorBase.DataFlow.Notes">
            <summary>
            Notes.
            </summary>
        </member>
        <member name="P:View.OrchestratorBase.DataFlow.LogRetentionDays">
            <summary>
            Number of days to retain log entries and logfiles.
            </summary>
        </member>
        <member name="P:View.OrchestratorBase.DataFlow.CreatedUtc">
            <summary>
            Creation timestamp, in UTC time.
            </summary>
        </member>
        <member name="P:View.OrchestratorBase.DataFlow.Step">
            <summary>
            Entry step.
            </summary>
        </member>
        <member name="M:View.OrchestratorBase.DataFlow.#ctor">
            <summary>
            Instantiate.
            </summary>
        </member>
        <member name="T:View.OrchestratorBase.IStepProcessor">
            <summary>
            Interface step processor.
            </summary>
        </member>
        <member name="M:View.OrchestratorBase.IStepProcessor.Process(View.OrchestratorBase.StepRequest)">
            <summary>
            Process a data flow request.
            </summary>
            <param name="req">Request.</param>
            <returns>Response.</returns>
        </member>
        <member name="T:View.OrchestratorBase.LogMessage">
            <summary>
            Log message.
            </summary>
        </member>
        <member name="P:View.OrchestratorBase.LogMessage.TimestampUtc">
            <summary>
            Timestamp in UTC time.
            </summary>
        </member>
        <member name="P:View.OrchestratorBase.LogMessage.Severity">
            <summary>
            Severity.
            </summary>
        </member>
        <member name="P:View.OrchestratorBase.LogMessage.Message">
            <summary>
            Message.
            </summary>
        </member>
        <member name="M:View.OrchestratorBase.LogMessage.#ctor">
            <summary>
            Instantiate.
            </summary>
        </member>
        <member name="M:View.OrchestratorBase.LogMessage.ToString">
            <summary>
            Human-readable string of the log.
            </summary>
            <returns>String.</returns>
        </member>
        <member name="T:View.OrchestratorBase.Severity">
            <summary>
            Message severity.
            </summary>
        </member>
        <member name="F:View.OrchestratorBase.Severity.Debug">
            <summary>
            Debug messages.
            </summary>
        </member>
        <member name="F:View.OrchestratorBase.Severity.Info">
            <summary>
            Informational messages.
            </summary>
        </member>
        <member name="F:View.OrchestratorBase.Severity.Warn">
            <summary>
            Warning messages.
            </summary>
        </member>
        <member name="F:View.OrchestratorBase.Severity.Error">
            <summary>
            Error messages.
            </summary>
        </member>
        <member name="F:View.OrchestratorBase.Severity.Alert">
            <summary>
            Alert messages.
            </summary>
        </member>
        <member name="F:View.OrchestratorBase.Severity.Critical">
            <summary>
            Critical messages.
            </summary>
        </member>
        <member name="F:View.OrchestratorBase.Severity.Emergency">
            <summary>
            Emergency messages.
            </summary>
        </member>
        <member name="T:View.OrchestratorBase.StepBase">
            <summary>
            Data flow step base class.
            </summary>
        </member>
        <member name="P:View.OrchestratorBase.StepBase.Id">
            <summary>
            ID.
            </summary>
        </member>
        <member name="P:View.OrchestratorBase.StepBase.GUID">
            <summary>
            GUID.
            </summary>
        </member>
        <member name="P:View.OrchestratorBase.StepBase.TenantGUID">
            <summary>
            Tenant GUID.
            </summary>
        </member>
        <member name="P:View.OrchestratorBase.StepBase.Name">
            <summary>
            Name.
            </summary>
        </member>
        <member name="P:View.OrchestratorBase.StepBase.Runtime">
            <summary>
            Runtime for the step.
            Use one of Dotnet8, Python3_12.
            </summary>
        </member>
        <member name="P:View.OrchestratorBase.StepBase.PackageManager">
            <summary>
            Package manager from which the package should be downloaded.
            </summary>
        </member>
        <member name="P:View.OrchestratorBase.StepBase.PackageName">
            <summary>
            Package name.
            </summary>
        </member>
        <member name="P:View.OrchestratorBase.StepBase.PackageVersion">
            <summary>
            Package version.
            </summary>
        </member>
        <member name="P:View.OrchestratorBase.StepBase.StepArchiveFilename">
            <summary>
            Archive filename, in ZIP format.
            </summary>
        </member>
        <member name="P:View.OrchestratorBase.StepBase.StepEntrypointFilename">
            <summary>
            Filename to open to access the entrypoint.
            </summary>
        </member>
        <member name="P:View.OrchestratorBase.StepBase.StepEntrypointType">
            <summary>
            Type (e.g. class) to open to access the entrypoint.
            </summary>
        </member>
        <member name="P:View.OrchestratorBase.StepBase.Package">
            <summary>
            Package file (zip) contents.
            </summary>
        </member>
        <member name="P:View.OrchestratorBase.StepBase.Notes">
            <summary>
            Notes.
            </summary>
        </member>
        <member name="P:View.OrchestratorBase.StepBase.MD5Hash">
            <summary>
            MD5.
            </summary>
        </member>
        <member name="P:View.OrchestratorBase.StepBase.SHA1Hash">
            <summary>
            SHA1.
            </summary>
        </member>
        <member name="P:View.OrchestratorBase.StepBase.SHA256Hash">
            <summary>
            SHA256.
            </summary>
        </member>
        <member name="P:View.OrchestratorBase.StepBase.DebugAssemblyLoad">
            <summary>
            Enable or disable assembly load debugging.
            </summary>
        </member>
        <member name="P:View.OrchestratorBase.StepBase.DebugWrapperScript">
            <summary>
            Enable or disable logging of the generated wrapper script (for Python).
            </summary>
        </member>
        <member name="P:View.OrchestratorBase.StepBase.DebugRequestData">
            <summary>
            Enable or disable logging of the request data.
            </summary>
        </member>
        <member name="P:View.OrchestratorBase.StepBase.DebugResponseData">
            <summary>
            Enable or disable logging of the response data.
            </summary>
        </member>
        <member name="P:View.OrchestratorBase.StepBase.ConsoleLogging">
            <summary>
            Enable or disable console logging.
            </summary>
        </member>
        <member name="P:View.OrchestratorBase.StepBase.VirtualEnvironment">
            <summary>
            Virtual environment name.
            </summary>
        </member>
        <member name="P:View.OrchestratorBase.StepBase.DependenciesFile">
            <summary>
            Dependencies file.
            </summary>
        </member>
        <member name="P:View.OrchestratorBase.StepBase.CreatedUtc">
            <summary>
            Creation timestamp, in UTC time.
            </summary>
        </member>
        <member name="P:View.OrchestratorBase.StepBase.TimestampFormat">
            <summary>
            Timestamp format.
            </summary>
        </member>
        <member name="P:View.OrchestratorBase.StepBase.Serializer">
            <summary>
            Serializer.
            </summary>
        </member>
        <member name="M:View.OrchestratorBase.StepBase.#ctor">
            <summary>
            Instantiate.
            </summary>
        </member>
        <member name="M:View.OrchestratorBase.StepBase.Log(System.String)">
            <summary>
            Emit a debug log message.
            </summary>
            <param name="msg">Log message.</param>
        </member>
        <member name="M:View.OrchestratorBase.StepBase.Log(View.OrchestratorBase.Severity,System.String)">
            <summary>
            Emit a log message.
            </summary>
            <param name="sev">Severity.</param>
            <param name="msg">Log message.</param>
        </member>
        <member name="M:View.OrchestratorBase.StepBase.GetLogs">
            <summary>
            Log messages.
            </summary>
        </member>
        <member name="T:View.OrchestratorBase.StepRequest">
            <summary>
            Data flow step request.
            </summary>
        </member>
        <member name="P:View.OrchestratorBase.StepRequest.GUID">
            <summary>
            GUID.
            </summary>
        </member>
        <member name="P:View.OrchestratorBase.StepRequest.Url">
            <summary>
            Requested URL.
            </summary>
        </member>
        <member name="P:View.OrchestratorBase.StepRequest.Headers">
            <summary>
            Headers, if any.
            </summary>
        </member>
        <member name="P:View.OrchestratorBase.StepRequest.Query">
            <summary>
            Query, if any.
            </summary>
        </member>
        <member name="P:View.OrchestratorBase.StepRequest.Data">
            <summary>
            Request data.
            </summary>
        </member>
        <member name="M:View.OrchestratorBase.StepRequest.#ctor">
            <summary>
            Instantiate.
            </summary>
        </member>
        <member name="T:View.OrchestratorBase.StepResponse">
            <summary>
            Data flow step response.
            </summary>
        </member>
        <member name="P:View.OrchestratorBase.StepResponse.Timestamp">
            <summary>
            Timestamps.
            </summary>
        </member>
        <member name="P:View.OrchestratorBase.StepResponse.RequestGUID">
            <summary>
            Request GUID.
            </summary>
        </member>
        <member name="P:View.OrchestratorBase.StepResponse.Result">
            <summary>
            Result status.
            </summary>
        </member>
        <member name="P:View.OrchestratorBase.StepResponse.StatusCode">
            <summary>
            Status code, if any.
            </summary>
        </member>
        <member name="P:View.OrchestratorBase.StepResponse.ContentType">
            <summary>
            Content-type, if any.
            </summary>
        </member>
        <member name="P:View.OrchestratorBase.StepResponse.Headers">
            <summary>
            Headers, if any.
            </summary>
        </member>
        <member name="P:View.OrchestratorBase.StepResponse.Logs">
            <summary>
            Logs.
            </summary>
        </member>
        <member name="P:View.OrchestratorBase.StepResponse.Data">
            <summary>
            Response data.
            </summary>
        </member>
        <member name="M:View.OrchestratorBase.StepResponse.#ctor">
            <summary>
            Instantiate.
            </summary>
        </member>
        <member name="T:View.OrchestratorBase.StepResultEnum">
            <summary>
            Data flow step result.
            </summary>
        </member>
        <member name="F:View.OrchestratorBase.StepResultEnum.Success">
            <summary>
            Success.
            </summary>
        </member>
        <member name="F:View.OrchestratorBase.StepResultEnum.Failure">
            <summary>
            Failure.
            </summary>
        </member>
        <member name="F:View.OrchestratorBase.StepResultEnum.Exception">
            <summary>
            Exception.
            </summary>
        </member>
    </members>
</doc>
